Article Title,Status,Link 1 Target,Link 1 Anchor Text,Link 2 Target,Link 2 Anchor Text,Link 3 Target,Link 3 Anchor Text
2024 Kitchen Backsplash Trends to Watch Out For.html,In Progress,Retro Modern Backsplash A Stylish DIY Transformation.html,stylish backsplash,Top Kitchen Remodel Color Schemes 2023.html,bold colors,Elevate Your Home with Eco-Friendly Finishes.html,eco-friendly options
Achieve a Sleek Stainless Steel Finish for Your Home.html,In Progress,Elevate Your Home with Eco-Friendly Finishes.html,good to the environment,Smart Appliances for Kitchen Remodels Upgrade Now.html,stainless steel appliances,Luxury Kitchen Renovation Trends for 2023.html,modern and elegant look
Automate Your Kitchen A Guide to Automated Appliances.html,In Progress,Design the Perfect Culinary Prep Station for Your Home Kitchen.html,robotic cooking devices,,,
Brighten Your Space Kitchen Lighting Ideas for Renovations.html,Not Started,,, ,,,
Bring Modern Farmhouse Style to Your Home A Guide.html,Not Started,,, ,,,
Bring Nature Inside A Guide to Biophilic Kitchen Remodeling.html,Not Started,,, ,,,
Budget-Friendly Kitchen Remodel Tips That Really Work.html,Not Started,,, ,,,
Classic White Kitchen Renovation Ideas Unveiled.html,Not Started,,, ,,,
Compact Kitchen Design Unleash the Potential of Your Space.html,Not Started,,, ,,,
Crafting a Sleek Modern Kitchen A Step-by-Step Guide.html,Not Started,,, ,,,
Crafting an Energy-Efficient Kitchen Layout A Guide.html,Not Started,,, ,,,
Crafting High Contrast Kitchen Design A Comprehensive Guide.html,Not Started,,, ,,,
Crafting the Perfect Acoustic Kitchen A How-To Guide.html,Not Started,,, ,,,
Create a Pet-Friendly Kitchen in 5 Easy Steps.html,Not Started,,, ,,,
Creating Your Ideal Family-Friendly Kitchen Space.html,Not Started,,, ,,,
Design a Sustainable Zero Waste Kitchen in 5 Steps.html,Not Started,,, ,,,
Design the Perfect Culinary Prep Station for Your Home Kitchen.html,Not Started,,, ,,,
Designing an Adaptable Kitchen Layout Tips and Tricks.html,Not Started,,, ,,,
Discover Innovative Kitchen Tech to Transform Your Home.html,Not Started,,, ,,,
Elevate Your Home with Eco-Friendly Finishes.html,Not Started,,, ,,,
Elevate Your Home with Smart LED Lighting A Comprehensive Guide.html,Not Started,,, ,,,
Embrace Industrial Scandinavian Design A How-to Guide.html,Not Started,,, ,,,
Farmhouse Kitchen Remodel Inspiration Ideas.html,Not Started,,, ,,,
Hardwood Flooring for Kitchen Renovations Guide.html,Not Started,,, ,,,
Hidden Kitchen Storage The Secret to a Clutter-Free Cooking Haven.html,Not Started,,, ,,,
How to Choose the Best Professional Range Hood for Your Kitchen.html,Not Started,,, ,,,
How to Create Sustainable Concrete Surfaces for Your Home.html,Not Started,,, ,,,
How to Design a Tiny Home Kitchen for Optimal Functionality.html,Not Started,,, ,,,
How to Design the Perfect Indoor Outdoor Kitchen.html,Not Started,,, ,,,
How to Incorporate Reclaimed Wood Cabinetry into Your Home.html,Not Started,,, ,,,
How to Install a Built-in Charging Station in Your Home.html,Not Started,,, ,,,
How to Install Under Cabinet Lighting for a Bright Modern Kitchen.html,Not Started,,, ,,,
Industrial-Style Kitchen Remodeling Ideas Tips.html,Not Started,,, ,,,
Keeping Your Family Safe in the Kitchen A Step-by-Step Guide.html,Not Started,,, ,,,
Kitchen Renovation Tips on Hiring a Contractor.html,Not Started,,, ,,,
Luxury Kitchen Renovation Trends for 2023.html,Not Started,,, ,,,
Master Advanced Water Filtration for Your Home.html,Not Started,,, ,,,
Maximize Space and Functionality with a Multi-Functional Kitchen Island.html,Not Started,,, ,,,
Maximize Space in Small Kitchens with Solutions.html,Not Started,,, ,,,
Maximizing Storage in Kitchen Remodels Smart Tips.html,Not Started,,, ,,,
Mid-Century Modern Kitchen Designs Inspiration.html,Not Started,,, ,,,
Minimalist Kitchen Organization A Step-by-Step Guide.html,Not Started,,, ,,,
Modern Kitchen Remodel Ideas Transform Your Space.html,Not Started,,, ,,,
Open-Concept Kitchen Remodeling Guide Tips.html,Not Started,,, ,,,
Retro Modern Backsplash A Stylish DIY Transformation.html,Not Started,,, ,,,
Small Kitchen Remodel Designs Maximize Your Space.html,Not Started,,, ,,,
Smart Appliances for Kitchen Remodels Upgrade Now.html,Not Started,,, ,,,
Sustainable Kitchen Renovations Eco-friendly Options.html,Not Started,,, ,,,
Top Durable Kitchen Flooring Materials Reviewed.html,Not Started,,, ,,,
Top Kitchen Cabinets for Remodeling Upgrade Today.html,Not Started,,, ,,,
Top Kitchen Island Designs for Remodels Upgrade Now.html,Not Started,,, ,,,
Top Kitchen Remodel Color Schemes 2023.html,Not Started,,, ,,,
Transform Your Kitchen into an Urban Farmhouse Oasis.html,Not Started,,, ,,,
Transform Your Kitchen with Ergonomic Countertops A Practical Guide.html,Not Started,,, ,,,
Ultimate Guide How to Plan a Kitchen Remodel.html,Not Started,,, ,,,
Up-to-Date Kitchen Countertop Upgrade Ideas.html,Not Started,,, ,,,
Upgrade to an Energy Star Rated Kitchen Tips for Boosting Efficiency.html,Not Started,,, ,,,
Upgrade Your Vintage Appliances A Guide to Seamless Retrofitting.html,Not Started,,, ,,,
desktop.ini,,,,,,
SEO writing articles/,,,,,,
roadmap.md,,,,,,
internal_links.csv,,,,,,
.git/,,,,,,
</content>
</write_to_file>
```
Article Title,Status,Link 1 Target,Link 1 Anchor Text,Link 2 Target,Link 2 Anchor Text,Link 3 Target,Link 3 Anchor Text
